block_start,block_end,average_distance
1,11,0.18272610467863895
2,12,0.0944625767958412
3,13,0.06704406161389415
4,14,0.04939394051275992
5,15,0.044638967243620035
6,16,0.040609954660916825
7,17,0.028994352921195652
8,18,0.031246769405718338
9,19,0.03612012087960775
10,20,0.039109574373818526
11,21,0.04330750088610586
12,22,0.0507000236294896
13,23,0.055503455812854444
14,24,0.4921875
15,25,nan
